{ "results": [
	{
        "activity_content": "The wine choices are great and also love that they have different glasses for different wines ! Bang on with the fine dining etiquettes. Love that they serve you some bread and a cold soup to begin your meal with.",
        "activity_likes": 0,
        "activity_title": "Sample Acitivty",
        "activity_type": 4,
        "comment_ids": [],
        "createdAt": "2015-03-31T15:09:12.677Z",
        "is_visible": true,
        "liked_by": [],
        "objectId": "5IzXgZbWOe",
        "store_id": {
            "__type": "Pointer",
            "className": "Stores",
            "objectId": "mF2AE0O88N"
        },
        "updatedAt": "2015-04-04T11:54:06.572Z"
    },
	{
        "activity_content": "The wine choices are great and also love that they have different glasses for different wines ! Bang on with the fine dining etiquettes. Love that they serve you some bread and a cold soup to begin your meal with.",
        "activity_image": {
            "__type": "File",
            "name": "tfss-553b3306-d0ba-4cbe-8993-5b1c2d6f3982-1.jpg",
            "url": "http://files.parsetfss.com/8f2aba50-2225-4190-8cc2-d612dd4e433d/tfss-553b3306-d0ba-4cbe-8993-5b1c2d6f3982-1.jpg"
        },
        "activity_likes": 1,
        "activity_title": "New Arrivals at the Koregaon Park Store Check",
        "activity_type": 4,
        "comment_ids": [
            {
                "__type": "Pointer",
                "className": "Comments",
                "objectId": "DRayUsAcqK"
            }
        ],
        "createdAt": "2015-03-30T14:38:33.508Z",
        "is_visible": true,
        "liked_by": [
            {
                "__type": "Pointer",
                "className": "_User",
                "objectId": "OHjLjnyS4K"
            },
            {
                "__type": "Pointer",
                "className": "_User",
                "objectId": "xdgUrXKJRR"
            }
        ],
        "objectId": "L8QltOQNbx",
        "store_id": {
            "__type": "Pointer",
            "className": "Stores",
            "objectId": "mF2AE0O88N"
        },
        "updatedAt": "2015-04-04T11:54:19.243Z"
    },
	{
        "activity_image": {
            "__type": "File",
            "name": "tfss-12697ac5-24bc-4df6-8c9b-9865c54cad61-back4.jpg",
            "url": "http://files.parsetfss.com/8f2aba50-2225-4190-8cc2-d612dd4e433d/tfss-12697ac5-24bc-4df6-8c9b-9865c54cad61-back4.jpg"
        },
        "activity_likes": 1,
        "activity_type": 4,
        "comment_ids": [
            {
                "__type": "Pointer",
                "className": "Comments",
                "objectId": "EFNo9rx84e"
            },
            {
                "__type": "Pointer",
                "className": "Comments",
                "objectId": "iMpAWKdKhX"
            }
        ],
        "createdAt": "2015-03-31T15:09:55.367Z",
        "is_visible": true,
        "liked_by": [],
        "objectId": "TSyg01pkYE",
        "store_id": {
            "__type": "Pointer",
            "className": "Stores",
            "objectId": "mF2AE0O88N"
        },
        "updatedAt": "2015-04-05T17:20:42.422Z"
    },
	{
        "activity_concerned": {
            "__type": "Pointer",
            "className": "Activity",
            "objectId": "TSyg01pkYE"
        },
        "activity_type": 12,
        "createdAt": "2015-04-05T17:20:42.879Z",
        "inline_content": "has commented on this post ",
        "is_notification": true,
        "is_seen": false,
        "is_visible": true,
        "objectId": "eqqFLZ930V",
        "store_concerned": {
            "__type": "Pointer",
            "className": "Stores",
            "objectId": "mF2AE0O88N"
        },
        "updatedAt": "2015-04-05T17:20:42.879Z",
        "user_id": {
            "__type": "Pointer",
            "className": "_User",
            "objectId": "EK4JvnRygm"
        }
    },
	{
        "activity_concerned": {
            "__type": "Pointer",
            "className": "Activity",
            "objectId": "TSyg01pkYE"
        },
        "activity_likes": 0,
        "activity_type": 29,
        "comment_ids": [],
        "createdAt": "2015-04-05T17:33:35.665Z",
        "inline_content": "has replied to your comment",
        "is_notification": true,
        "is_seen": false,
        "is_visible": false,
        "liked_by": [],
        "objectId": "kcruQuGFTg",
        "store_id": {
            "__type": "Pointer",
            "className": "Stores",
            "objectId": "mF2AE0O88N"
        },
        "updatedAt": "2015-04-05T17:33:35.665Z",
        "user_concerned": {
            "__type": "Pointer",
            "className": "_User",
            "objectId": "EK4JvnRygm"
        }
    },
	{
        "activity_type": 4,
        "createdAt": "2015-04-05T17:41:52.006Z",
        "inline_content": "has upvoted ",
        "is_notification": true,
        "is_seen": false,
        "is_visible": true,
        "objectId": "OKPGYpTxvU",
        "store_concerned": {
            "__type": "Pointer",
            "className": "Stores",
            "objectId": "mF2AE0O88N"
        },
        "updatedAt": "2015-04-05T17:41:52.006Z",
        "user_id": {
            "__type": "Pointer",
            "className": "_User",
            "objectId": "EK4JvnRygm"
        }
    },
	{
        "activity_type": 5,
        "createdAt": "2015-04-05T17:49:39.567Z",
        "is_notification": false,
        "is_seen": false,
        "is_visible": false,
        "objectId": "tneJzb1S2Q",
        "store_concerned": {
            "__type": "Pointer",
            "className": "Stores",
            "objectId": "mF2AE0O88N"
        },
        "updatedAt": "2015-04-05T17:49:39.567Z",
        "user_id": {
            "__type": "Pointer",
            "className": "_User",
            "objectId": "EK4JvnRygm"
        }
    },
	{
        "activity_type": 2,
        "createdAt": "2015-04-05T17:56:00.810Z",
        "inline_content": "is now following ",
        "is_notification": true,
        "is_seen": false,
        "is_visible": true,
        "objectId": "O3i4NRbrO5",
        "store_concerned": {
            "__type": "Pointer",
            "className": "Stores",
            "objectId": "mF2AE0O88N"
        },
        "updatedAt": "2015-04-05T17:56:00.810Z",
        "user_id": {
            "__type": "Pointer",
            "className": "_User",
            "objectId": "EK4JvnRygm"
        }
    },
	{
        "activity_type": 1,
        "createdAt": "2015-04-05T18:36:02.543Z",
        "inline_content": "is now following ",
        "is_notification": true,
        "is_seen": false,
        "is_visible": true,
        "objectId": "bmq1XiC3L8",
        "updatedAt": "2015-04-05T18:37:20.402Z",
        "user_concerned": {
            "__type": "Pointer",
            "className": "_User",
            "objectId": "xdgUrXKJRR"
        },
        "user_id": {
            "__type": "Pointer",
            "className": "_User",
            "objectId": "EK4JvnRygm"
        }
    },
	{
        "activity_likes": 0,
        "activity_type": 25,
        "comment_ids": [],
        "createdAt": "2015-04-05T18:49:22.990Z",
        "inline_content": "added a new Service",
        "is_notification": false,
        "is_seen": false,
        "is_visible": true,
        "liked_by": [],
        "objectId": "8pR36m5qdh",
        "service_id": {
            "__type": "Pointer",
            "className": "Services",
            "objectId": "6E0W8BmF5Y"
        },
        "store_id": {
            "__type": "Pointer",
            "className": "Stores",
            "objectId": "mF2AE0O88N"
        },
        "updatedAt": "2015-04-05T18:49:22.990Z"
    },
	{
        "activity_likes": 0,
        "activity_type": 24,
        "comment_ids": [],
        "createdAt": "2015-04-05T18:53:46.531Z",
        "inline_content": "added a new Product ",
        "is_notification": false,
        "is_seen": false,
        "is_visible": true,
        "liked_by": [],
        "objectId": "r8ZbcELL2G",
        "product_id": {
            "__type": "Pointer",
            "className": "Products",
            "objectId": "bOxJhGfzyy"
        },
        "store_id": {
            "__type": "Pointer",
            "className": "Stores",
            "objectId": "mF2AE0O88N"
        },
        "updatedAt": "2015-04-05T18:53:46.531Z"
    },
	{
        "activity_likes": 0,
        "activity_type": 30,
        "collection_concerned": {
            "__type": "Pointer",
            "className": "Collections",
            "objectId": "2Mc5KNLZta"
        },
        "comment_ids": [],
        "createdAt": "2015-04-05T19:13:44.251Z",
        "inline_content": "added a new Collection ",
        "is_notification": false,
        "is_seen": false,
        "is_visible": true,
        "liked_by": [],
        "objectId": "AdsLwkuVst",
        "updatedAt": "2015-04-05T19:13:44.251Z",
        "user_id": {
            "__type": "Pointer",
            "className": "_User",
            "objectId": "EK4JvnRygm"
        }
    },
	{
        "activity_type": 20,
        "collection_concerned": {
            "__type": "Pointer",
            "className": "Collections",
            "objectId": "qVlpiQgFC6"
        },
        "createdAt": "2015-04-05T19:19:24.346Z",
        "is_notification": true,
        "is_seen": false,
        "is_visible": false,
        "objectId": "JkbauBz7pB",
        "product_id": {
            "__type": "Pointer",
            "className": "Products",
            "objectId": "gAh0D1ez1y"
        },
        "store_concerned": {
            "__type": "Pointer",
            "className": "Stores",
            "objectId": "mF2AE0O88N"
        },
        "updatedAt": "2015-04-05T19:19:24.346Z",
        "user_id": {
            "__type": "Pointer",
            "className": "_User",
            "objectId": "OHjLjnyS4K"
        }
    },
	{
        "activity_type": 21,
        "collection_concerned": {
            "__type": "Pointer",
            "className": "Collections",
            "objectId": "qVlpiQgFC6"
        },
        "createdAt": "2015-04-05T19:24:20.103Z",
        "is_notification": true,
        "is_seen": false,
        "is_visible": false,
        "objectId": "i5reGT6N7F",
        "service_id": {
            "__type": "Pointer",
            "className": "Services",
            "objectId": "aXIfcvO2g3"
        },
        "store_concerned": {
            "__type": "Pointer",
            "className": "Stores",
            "objectId": "mF2AE0O88N"
        },
        "updatedAt": "2015-04-05T19:24:20.103Z",
        "user_id": {
            "__type": "Pointer",
            "className": "_User",
            "objectId": "OHjLjnyS4K"
        }
    },
	{
        "activity_type": 22,
        "collection_concerned": {
            "__type": "Pointer",
            "className": "Collections",
            "objectId": "qVlpiQgFC6"
        },
        "createdAt": "2015-04-05T19:27:48.303Z",
        "is_notification": true,
        "is_seen": false,
        "is_visible": false,
        "objectId": "ITYqAyZIKv",
        "store_concerned": {
            "__type": "Pointer",
            "className": "Stores",
            "objectId": "mF2AE0O88N"
        },
        "updatedAt": "2015-04-05T19:27:48.303Z",
        "user_id": {
            "__type": "Pointer",
            "className": "_User",
            "objectId": "OHjLjnyS4K"
        }
    },
	{
        "activity_type": 9,
        "collection_concerned": {
            "__type": "Pointer",
            "className": "Collections",
            "objectId": "qVlpiQgFC6"
        },
        "createdAt": "2015-04-05T19:36:44.684Z",
        "inline_content": "has favorited collection ",
        "is_notification": true,
        "is_seen": false,
        "is_visible": true,
        "objectId": "THlXq9y44n",
        "updatedAt": "2015-04-05T19:36:44.684Z",
        "user_concerned": {
            "__type": "Pointer",
            "className": "_User",
            "objectId": "OHjLjnyS4K"
        },
        "user_id": {
            "__type": "Pointer",
            "className": "_User",
            "objectId": "EK4JvnRygm"
        }
    },
	{
        "activity_type": 6,
        "createdAt": "2015-04-05T19:49:10.126Z",
        "inline_content": "has reviewed ",
        "is_notification": true,
        "is_seen": false,
        "is_visible": true,
        "objectId": "3VevAJkvH7",
        "review_concerned": {
            "__type": "Pointer",
            "className": "Reviews",
            "objectId": "cDRIOAJ6qm"
        },
        "store_concerned": {
            "__type": "Pointer",
            "className": "Stores",
            "objectId": "mF2AE0O88N"
        },
        "updatedAt": "2015-04-05T19:49:10.126Z",
        "user_id": {
            "__type": "Pointer",
            "className": "_User",
            "objectId": "EK4JvnRygm"
        }
    },
	{
        "activity_likes": 0,
        "activity_type": 28,
        "comment_ids": [],
        "createdAt": "2015-04-05T19:56:27.770Z",
        "inline_content": "has replied to your review",
        "is_notification": true,
        "is_seen": false,
        "is_visible": false,
        "liked_by": [],
        "objectId": "WiX0PffOWy",
        "review_concerned": {
            "__type": "Pointer",
            "className": "Reviews",
            "objectId": "wj9qexjQ6K"
        },
        "store_id": {
            "__type": "Pointer",
            "className": "Stores",
            "objectId": "mF2AE0O88N"
        },
        "updatedAt": "2015-04-05T19:57:37.606Z"
    },
	{
        "activity_likes": 0,
        "activity_type": 27,
        "comment_ids": [],
        "coupon_id": {
            "__type": "Pointer",
            "className": "Coupons",
            "objectId": "KAXeLlOqg3"
        },
        "createdAt": "2015-04-05T20:10:21.761Z",
        "inline_content": "added a new Coupon ",
        "is_notification": true,
        "is_seen": false,
        "is_visible": true,
        "liked_by": [],
        "objectId": "fs56R0GpJD",
        "store_id": {
            "__type": "Pointer",
            "className": "Stores",
            "objectId": "mF2AE0O88N"
        },
        "updatedAt": "2015-04-05T20:10:21.761Z"
    },
	{
        "activity_type": 7,
        "coupon_id": {
            "__type": "Pointer",
            "className": "Coupons",
            "objectId": "KAXeLlOqg3"
        },
        "createdAt": "2015-04-05T20:34:01.895Z",
        "inline_content": "has claimed coupon ",
        "is_notification": true,
        "is_seen": false,
        "is_visible": false,
        "objectId": "xSRfiwSzsf",
        "store_concerned": {
            "__type": "Pointer",
            "className": "Stores",
            "objectId": "mF2AE0O88N"
        },
        "updatedAt": "2015-04-05T20:34:01.895Z",
        "user_id": {
            "__type": "Pointer",
            "className": "_User",
            "objectId": "EK4JvnRygm"
        }
    }
] }