{ "results": [
	{
        "createdAt": "2015-03-23T17:27:45.252Z",
        "name": "coupon",
        "objectId": "CIODF44SVT",
        "type": 27,
        "updatedAt": "2015-04-04T19:04:47.682Z"
    },
	{
        "createdAt": "2015-03-23T17:27:57.313Z",
        "name": "services",
        "objectId": "K2d11BmvIL",
        "type": 25,
        "updatedAt": "2015-04-04T19:04:28.836Z"
    },
	{
        "createdAt": "2015-03-23T17:28:03.048Z",
        "name": "general",
        "objectId": "Zc2ZXANVdi",
        "type": 23,
        "updatedAt": "2015-04-04T19:04:12.404Z"
    },
	{
        "createdAt": "2015-03-23T17:32:26.520Z",
        "name": "upvote store",
        "objectId": "UqF8M0B3fZ",
        "type": 4,
        "updatedAt": "2015-04-04T19:01:04.456Z"
    },
	{
        "createdAt": "2015-03-23T17:33:39.372Z",
        "name": "redeeming coupons",
        "objectId": "uJJMphutdS",
        "type": 8,
        "updatedAt": "2015-03-23T17:33:50.994Z"
    },
	{
        "createdAt": "2015-03-23T17:32:39.420Z",
        "name": "favoriting collections",
        "objectId": "74HYFlCok8",
        "type": 9,
        "updatedAt": "2015-04-04T19:02:01.303Z"
    },
	{
        "createdAt": "2015-03-23T17:34:06.751Z",
        "name": "follow store",
        "objectId": "HPwozw4yQK",
        "type": 2,
        "updatedAt": "2015-04-04T19:00:41.808Z"
    },
	{
        "createdAt": "2015-03-23T17:34:17.095Z",
        "name": "follow user",
        "objectId": "zOs8LzvgkG",
        "type": 1,
        "updatedAt": "2015-04-04T19:00:35.469Z"
    },
	{
        "createdAt": "2015-03-23T17:32:53.457Z",
        "name": "review store",
        "objectId": "Pp7Z8nbBkx",
        "type": 6,
        "updatedAt": "2015-04-04T19:01:16.871Z"
    },
	{
        "createdAt": "2015-04-03T13:43:30.859Z",
        "name": "downvote store",
        "objectId": "he0UXHBiQS",
        "type": 5,
        "updatedAt": "2015-04-04T19:01:07.797Z"
    },
	{
        "createdAt": "2015-04-03T13:43:42.477Z",
        "name": "unfollow store",
        "objectId": "1IC5t4g2LR",
        "type": 3,
        "updatedAt": "2015-04-04T19:00:56.877Z"
    },
	{
        "createdAt": "2015-04-03T17:28:38.050Z",
        "name": "comment post",
        "objectId": "4SgJScnd1f",
        "type": 12,
        "updatedAt": "2015-04-04T19:02:27.685Z"
    },
	{
        "createdAt": "2015-04-03T18:21:11.743Z",
        "name": "like post",
        "objectId": "cLriknBoSk",
        "type": 10,
        "updatedAt": "2015-04-04T19:02:10.293Z"
    },
	{
        "createdAt": "2015-04-03T18:33:10.403Z",
        "name": "unlike post",
        "objectId": "hlsPEApQ8U",
        "type": 11,
        "updatedAt": "2015-04-04T19:02:12.261Z"
    },
	{
        "createdAt": "2015-04-04T18:39:34.349Z",
        "name": "review reply",
        "objectId": "FbETf5O2Q2",
        "type": 28,
        "updatedAt": "2015-04-04T19:05:24.952Z"
    },
	{
        "createdAt": "2015-04-04T18:42:53.188Z",
        "name": "comment reply",
        "objectId": "6PfVIn4fQU",
        "type": 29,
        "updatedAt": "2015-04-04T19:05:27.210Z"
    },
	{
        "createdAt": "2015-04-04T18:44:24.568Z",
        "name": "product to collection",
        "objectId": "9N6ZfTbx3r",
        "type": 20,
        "updatedAt": "2015-04-04T19:03:41.432Z"
    },
	{
        "createdAt": "2015-03-23T17:27:51.045Z",
        "name": "product",
        "objectId": "uYyVIXCTV9",
        "type": 24,
        "updatedAt": "2015-04-04T19:04:23.510Z"
    },
	{
        "createdAt": "2015-04-04T18:45:42.657Z",
        "name": "service to collection",
        "objectId": "J2QndSMZqe",
        "type": 21,
        "updatedAt": "2015-04-04T19:03:43.824Z"
    },
	{
        "createdAt": "2015-04-04T18:45:50.489Z",
        "name": "store to collection",
        "objectId": "G8sge0JrZo",
        "type": 22,
        "updatedAt": "2015-04-04T19:03:46.050Z"
    },
	{
        "createdAt": "2015-04-04T18:46:55.605Z",
        "name": "claim coupon",
        "objectId": "lSaFOxHJw0",
        "type": 7,
        "updatedAt": "2015-04-04T19:01:38.384Z"
    },
	{
        "createdAt": "2015-04-04T18:49:42.120Z",
        "name": "store page visit",
        "objectId": "55BNqsBvs0",
        "type": 15,
        "updatedAt": "2015-04-04T19:03:07.844Z"
    },
	{
        "createdAt": "2015-04-04T18:50:36.580Z",
        "name": "post share",
        "objectId": "EkbLaxSvqR",
        "type": 13,
        "updatedAt": "2015-04-04T19:02:39.712Z"
    },
	{
        "createdAt": "2015-04-04T18:50:57.441Z",
        "name": "post interaction",
        "objectId": "8mpgjXHX4J",
        "type": 14,
        "updatedAt": "2015-04-04T19:02:51.951Z"
    },
	{
        "createdAt": "2015-04-04T18:51:20.525Z",
        "name": "coupon view",
        "objectId": "CLWGfsylYl",
        "type": 16,
        "updatedAt": "2015-04-04T19:03:12.637Z"
    },
	{
        "createdAt": "2015-04-04T18:51:31.307Z",
        "name": "gallery view",
        "objectId": "pV04AYkgFq",
        "type": 17,
        "updatedAt": "2015-04-04T19:03:14.887Z"
    },
	{
        "createdAt": "2015-04-04T18:51:50.374Z",
        "name": "product view",
        "objectId": "Ij9iFoyj6y",
        "type": 18,
        "updatedAt": "2015-04-04T19:03:17.071Z"
    },
	{
        "createdAt": "2015-04-04T18:52:00.921Z",
        "name": "service view",
        "objectId": "B5HTv66U8w",
        "type": 19,
        "updatedAt": "2015-04-04T19:03:19.928Z"
    },
	{
        "createdAt": "2015-04-04T18:52:30.601Z",
        "name": "gallery",
        "objectId": "Pw8jnuJK8K",
        "type": 26,
        "updatedAt": "2015-04-04T19:04:32.069Z"
    },
	{
        "createdAt": "2015-04-04T19:24:48.237Z",
        "name": "create collection",
        "objectId": "3zsQXlUzzU",
        "type": 30,
        "updatedAt": "2015-04-04T19:24:56.783Z"
    }
] }