{ "results": [
	{
        "categoryName": "Spa and Fitness",
        "createdAt": "2015-03-20T14:44:49.416Z",
        "image_link": "images/a.jpg",
        "objectId": "X9JLVM2mmp",
        "updatedAt": "2015-03-28T15:47:56.414Z"
    },
	{
        "categoryName": "Fitness",
        "createdAt": "2015-03-20T14:44:33.095Z",
        "image_link": "images/b.png",
        "objectId": "L3h57JJ3hm",
        "updatedAt": "2015-03-28T15:48:01.543Z"
    },
	{
        "categoryName": "Footwear",
        "createdAt": "2015-03-20T14:44:19.085Z",
        "image_link": "img/icons.png",
        "objectId": "2zHBKSc2IZ",
        "updatedAt": "2015-03-31T14:24:24.650Z"
    },
	{
        "categoryName": "Accesories",
        "createdAt": "2015-03-20T14:44:04.982Z",
        "image_link": "images/d.jpg",
        "objectId": "WLoLs4n6kF",
        "updatedAt": "2015-03-28T15:48:20.911Z"
    },
	{
        "categoryName": "Clothing",
        "createdAt": "2015-03-20T14:43:55.240Z",
        "image_link": "images/e.png",
        "objectId": "tNWRN9gfpR",
        "updatedAt": "2015-03-28T15:48:44.546Z"
    },
	{
        "categoryName": "Bed and Bath",
        "createdAt": "2015-03-20T14:43:45.807Z",
        "image_link": "images/f.jpg",
        "objectId": "ZBQrb3dXqp",
        "updatedAt": "2015-03-28T15:48:51.697Z"
    }
] }