{ "results": [
	{
        "collection_name": "Collection 4",
        "createdAt": "2015-02-24T14:45:30.965Z",
        "created_by": {
            "__type": "Pointer",
            "className": "_User",
            "objectId": "OHjLjnyS4K"
        },
        "objectId": "jk7briy5lx",
        "store_ids": [
            {
                "__type": "Pointer",
                "className": "Stores",
                "objectId": "mF2AE0O88N"
            },
            {
                "__type": "Pointer",
                "className": "Stores",
                "objectId": "Ik3uYT99O4"
            }
        ],
        "updatedAt": "2015-03-31T16:36:52.838Z"
    },
	{
        "collection_name": "My Collection",
        "createdAt": "2015-03-25T16:07:25.246Z",
        "created_by": {
            "__type": "Pointer",
            "className": "_User",
            "objectId": "EK4JvnRygm"
        },
        "image": {
            "__type": "File",
            "name": "tfss-3f3ed9ec-6459-413b-beed-3d72be29cd4c-screen1.png",
            "url": "http://files.parsetfss.com/8f2aba50-2225-4190-8cc2-d612dd4e433d/tfss-3f3ed9ec-6459-413b-beed-3d72be29cd4c-screen1.png"
        },
        "objectId": "xMON5KclMl",
        "updatedAt": "2015-03-25T16:07:25.246Z"
    },
	{
        "collection_name": "Collection 3",
        "createdAt": "2015-02-24T14:49:45.392Z",
        "created_by": {
            "__type": "Pointer",
            "className": "_User",
            "objectId": "OHjLjnyS4K"
        },
        "objectId": "wLE4KuCz1G",
        "product_ids": [
            {
                "__type": "Pointer",
                "className": "Products",
                "objectId": "QVYgvi4nxJ"
            },
            {
                "__type": "Pointer",
                "className": "Products",
                "objectId": "l8iq4CTzxg"
            },
            {
                "__type": "Pointer",
                "className": "Products",
                "objectId": "NxjRdXlSVy"
            }
        ],
        "store_ids": [
            {
                "__type": "Pointer",
                "className": "Stores",
                "objectId": "mF2AE0O88N"
            },
            {
                "__type": "Pointer",
                "className": "Stores",
                "objectId": "Ik3uYT99O4"
            }
        ],
        "updatedAt": "2015-03-31T16:36:49.417Z"
    },
	{
        "collection_name": "Collection 1",
        "createdAt": "2015-03-02T12:49:12.501Z",
        "created_by": {
            "__type": "Pointer",
            "className": "_User",
            "objectId": "OHjLjnyS4K"
        },
        "objectId": "ytdnoOwk5o",
        "store_ids": [
            {
                "__type": "Pointer",
                "className": "Stores",
                "objectId": "mF2AE0O88N"
            },
            {
                "__type": "Pointer",
                "className": "Stores",
                "objectId": "Ik3uYT99O4"
            }
        ],
        "updatedAt": "2015-03-31T16:36:40.201Z"
    },
	{
        "collection_name": "My Collection",
        "createdAt": "2015-03-25T16:05:38.237Z",
        "created_by": {
            "__type": "Pointer",
            "className": "_User",
            "objectId": "xdgUrXKJRR"
        },
        "favorited_by": [
            {
                "__type": "Pointer",
                "className": "_User",
                "objectId": "EK4JvnRygm"
            }
        ],
        "objectId": "mhnTNDGEBO",
        "store_ids": [
            {
                "__type": "Pointer",
                "className": "Stores",
                "objectId": "mF2AE0O88N"
            }
        ],
        "updatedAt": "2015-04-02T15:38:11.736Z"
    },
	{
        "collection_name": "Best Clothes",
        "createdAt": "2015-04-05T19:13:43.432Z",
        "created_by": {
            "__type": "Pointer",
            "className": "_User",
            "objectId": "EK4JvnRygm"
        },
        "description": " Check out these amazing clothes in this collection",
        "objectId": "2Mc5KNLZta",
        "updatedAt": "2015-04-05T19:13:43.432Z"
    },
	{
        "collection": [
            {
                "__type": "Pointer",
                "className": "_User",
                "objectId": "EK4JvnRygm"
            }
        ],
        "collection_name": "Collection 2",
        "createdAt": "2015-02-25T15:08:32.448Z",
        "created_by": {
            "__type": "Pointer",
            "className": "_User",
            "objectId": "OHjLjnyS4K"
        },
        "favorited_by": [
            {
                "__type": "Pointer",
                "className": "_User",
                "objectId": "EK4JvnRygm"
            }
        ],
        "objectId": "qVlpiQgFC6",
        "product_ids": [
            {
                "__type": "Pointer",
                "className": "Products",
                "objectId": "gAh0D1ez1y"
            }
        ],
        "service_ids": [
            {
                "__type": "Pointer",
                "className": "Services",
                "objectId": "aXIfcvO2g3"
            }
        ],
        "store_ids": [
            {
                "__type": "Pointer",
                "className": "Stores",
                "objectId": "mF2AE0O88N"
            },
            {
                "__type": "Pointer",
                "className": "Stores",
                "objectId": "Ik3uYT99O4"
            }
        ],
        "updatedAt": "2015-04-05T19:36:43.787Z"
    }
] }