{ "results": [
	{
        "createdAt": "2015-02-21T15:48:20.131Z",
        "objectId": "wrnIfyH6Ps",
        "updatedAt": "2015-02-21T15:48:20.131Z",
        "user_id": {
            "__type": "Pointer",
            "className": "_User",
            "objectId": "OHjLjnyS4K"
        }
    },
	{
        "createdAt": "2015-03-02T12:49:30.532Z",
        "first_level_comment": "Store is awesome ",
        "objectId": "DRayUsAcqK",
        "updatedAt": "2015-03-30T14:45:37.160Z",
        "user_id": {
            "__type": "Pointer",
            "className": "_User",
            "objectId": "OHjLjnyS4K"
        }
    },
	{
        "activity_id": {
            "__type": "Pointer",
            "className": "Activity",
            "objectId": "TSyg01pkYE"
        },
        "createdAt": "2015-04-05T17:20:40.485Z",
        "first_level_comment": "Nice Store",
        "objectId": "iMpAWKdKhX",
        "second_level_comment": "Thanks for the comment",
        "store_id": {
            "__type": "Pointer",
            "className": "Stores",
            "objectId": "mF2AE0O88N"
        },
        "updatedAt": "2015-04-05T17:33:34.737Z",
        "user_id": {
            "__type": "Pointer",
            "className": "_User",
            "objectId": "EK4JvnRygm"
        }
    }
] }