{ "results": [
	{
        "active": true,
        "claim_limit": 100,
        "coupon_description": "Get 50% off",
        "coupon_name": "New Coupon",
        "createdAt": "2015-04-05T20:10:18.520Z",
        "expiry_date": {
            "__type": "Date",
            "iso": "2015-07-09T18:30:00.000Z"
        },
        "objectId": "KAXeLlOqg3",
        "redemption_limit": 100,
        "start_date": {
            "__type": "Date",
            "iso": "2015-04-05T18:30:00.000Z"
        },
        "store_id": {
            "__type": "Pointer",
            "className": "Stores",
            "objectId": "mF2AE0O88N"
        },
        "updatedAt": "2015-04-05T20:33:59.276Z",
        "user_claimed_ids": [
            {
                "__type": "Pointer",
                "className": "_User",
                "objectId": "EK4JvnRygm"
            }
        ],
        "user_redeemed_ids": []
    }
] }