{ "results": [
	{
        "createdAt": "2015-02-21T14:30:22.856Z",
        "image": {
            "__type": "File",
            "name": "tfss-aefe61cd-e227-45a5-9d27-4ba18adbf0c2-activity_types.png",
            "url": "http://files.parsetfss.com/8f2aba50-2225-4190-8cc2-d612dd4e433d/tfss-aefe61cd-e227-45a5-9d27-4ba18adbf0c2-activity_types.png"
        },
        "objectId": "KK5lAPcg0E",
        "store_id": {
            "__type": "Pointer",
            "className": "Stores",
            "objectId": "mF2AE0O88N"
        },
        "updatedAt": "2015-03-28T16:19:40.251Z"
    },
	{
        "createdAt": "2015-02-21T14:30:44.863Z",
        "image": {
            "__type": "File",
            "name": "tfss-5853ba35-e423-4c81-b302-d797ecd61f71-screen1.png",
            "url": "http://files.parsetfss.com/8f2aba50-2225-4190-8cc2-d612dd4e433d/tfss-5853ba35-e423-4c81-b302-d797ecd61f71-screen1.png"
        },
        "objectId": "sGgw6pgI5B",
        "store_id": {
            "__type": "Pointer",
            "className": "Stores",
            "objectId": "mF2AE0O88N"
        },
        "updatedAt": "2015-03-28T16:23:23.261Z"
    },
	{
        "createdAt": "2015-02-21T15:08:58.533Z",
        "image": {
            "__type": "File",
            "name": "tfss-fc5a0433-ec5d-4bb5-b48b-074a4383dbc8-screen1.png",
            "url": "http://files.parsetfss.com/8f2aba50-2225-4190-8cc2-d612dd4e433d/tfss-fc5a0433-ec5d-4bb5-b48b-074a4383dbc8-screen1.png"
        },
        "objectId": "qv34eskt4p",
        "store_id": {
            "__type": "Pointer",
            "className": "Stores",
            "objectId": "r13wY0LqKW"
        },
        "updatedAt": "2015-02-21T15:08:58.533Z"
    },
	{
        "createdAt": "2015-02-21T18:09:55.109Z",
        "image": {
            "__type": "File",
            "name": "tfss-229bd4f5-84d5-42ad-a07e-c00a74d041be-screen4.png",
            "url": "http://files.parsetfss.com/8f2aba50-2225-4190-8cc2-d612dd4e433d/tfss-229bd4f5-84d5-42ad-a07e-c00a74d041be-screen4.png"
        },
        "objectId": "SOqXB3VoOA",
        "store_id": {
            "__type": "Pointer",
            "className": "Stores",
            "objectId": "r13wY0LqKW"
        },
        "updatedAt": "2015-02-21T18:09:55.109Z"
    },
	{
        "createdAt": "2015-02-21T18:10:31.313Z",
        "image": {
            "__type": "File",
            "name": "tfss-796ca335-7a6e-4c90-b8ed-303601fed310-screen5.png",
            "url": "http://files.parsetfss.com/8f2aba50-2225-4190-8cc2-d612dd4e433d/tfss-796ca335-7a6e-4c90-b8ed-303601fed310-screen5.png"
        },
        "objectId": "4YXtxaf5E2",
        "store_id": {
            "__type": "Pointer",
            "className": "Stores",
            "objectId": "r13wY0LqKW"
        },
        "updatedAt": "2015-02-25T16:43:27.009Z"
    },
	{
        "createdAt": "2015-02-25T16:27:04.503Z",
        "image": {
            "__type": "File",
            "name": "tfss-ace6f3bd-669c-4ec8-be79-3b17653a9715-screen4.png",
            "url": "http://files.parsetfss.com/8f2aba50-2225-4190-8cc2-d612dd4e433d/tfss-ace6f3bd-669c-4ec8-be79-3b17653a9715-screen4.png"
        },
        "objectId": "ZaO8m38AFp",
        "product_id": {
            "__type": "Pointer",
            "className": "Products",
            "objectId": "l8iq4CTzxg"
        },
        "updatedAt": "2015-02-25T16:27:04.503Z"
    }
] }