{ "results": [
	{
        "city": "Pune",
        "country": "India",
        "createdAt": "2015-03-29T16:55:39.374Z",
        "lat": 18.64844,
        "lng": 73.764471,
        "locality_name": "Akurdi",
        "location": {
            "__type": "GeoPoint",
            "latitude": 18.64844,
            "longitude": 73.764471
        },
        "objectId": "E9X87pdREJ",
        "state": "Maharashtra",
        "updatedAt": "2015-03-30T14:10:13.028Z"
    },
	{
        "city": "Pune",
        "country": "India",
        "createdAt": "2015-03-29T16:55:39.382Z",
        "lat": 18.557699,
        "lng": 73.8073385,
        "locality_name": "Aundh",
        "location": {
            "__type": "GeoPoint",
            "latitude": 18.557699,
            "longitude": 73.8073385
        },
        "objectId": "Ofbr3UJaK2",
        "state": "Maharashtra",
        "updatedAt": "2015-03-30T14:10:13.275Z"
    },
	{
        "city": "Pune",
        "country": "India",
        "createdAt": "2015-03-29T16:55:39.387Z",
        "lat": 18.5599716,
        "lng": 73.7838163,
        "locality_name": "Baner",
        "location": {
            "__type": "GeoPoint",
            "latitude": 18.5599716,
            "longitude": 73.7838163
        },
        "objectId": "5yqLsAjj79",
        "state": "Maharashtra",
        "updatedAt": "2015-03-30T14:10:13.493Z"
    },
	{
        "city": "Pune",
        "country": "India",
        "createdAt": "2015-03-29T16:55:39.384Z",
        "lat": 18.5810936,
        "lng": 73.771877,
        "locality_name": "Balewadi",
        "location": {
            "__type": "GeoPoint",
            "latitude": 18.5810936,
            "longitude": 73.771877
        },
        "objectId": "6CXeeTTMBg",
        "state": "Maharashtra",
        "updatedAt": "2015-03-30T14:10:13.570Z"
    },
	{
        "city": "Pune",
        "country": "India",
        "createdAt": "2015-03-29T16:55:39.389Z",
        "lat": 18.5046404,
        "lng": 73.7649625,
        "locality_name": "Bavdhan",
        "location": {
            "__type": "GeoPoint",
            "latitude": 18.5046404,
            "longitude": 73.7649625
        },
        "objectId": "yOf5Ev1wBq",
        "state": "Maharashtra",
        "updatedAt": "2015-03-30T14:10:13.535Z"
    },
	{
        "city": "Pune",
        "country": "India",
        "createdAt": "2015-03-29T16:55:39.392Z",
        "lat": 18.6345905,
        "lng": 73.8489369,
        "locality_name": "Bhosari",
        "location": {
            "__type": "GeoPoint",
            "latitude": 18.6345905,
            "longitude": 73.8489369
        },
        "objectId": "Mj85Hi1SOk",
        "state": "Maharashtra",
        "updatedAt": "2015-03-30T14:10:13.589Z"
    },
	{
        "city": "Pune",
        "country": "India",
        "createdAt": "2015-03-29T16:55:39.394Z",
        "lat": 18.4709451,
        "lng": 73.8669761,
        "locality_name": "Bibvewadi",
        "location": {
            "__type": "GeoPoint",
            "latitude": 18.4709451,
            "longitude": 73.8669761
        },
        "objectId": "mvT9QMS5UL",
        "state": "Maharashtra",
        "updatedAt": "2015-03-30T14:10:13.588Z"
    },
	{
        "city": "Pune",
        "country": "India",
        "createdAt": "2015-03-29T16:55:39.396Z",
        "lat": 18.5160255,
        "lng": 73.8569725,
        "locality_name": "Budhwar Peth",
        "location": {
            "__type": "GeoPoint",
            "latitude": 18.5160255,
            "longitude": 73.8569725
        },
        "objectId": "qNm0FIFMc7",
        "state": "Maharashtra",
        "updatedAt": "2015-03-30T14:10:13.595Z"
    },
	{
        "city": "Pune",
        "country": "India",
        "createdAt": "2015-03-29T16:55:39.399Z",
        "lat": 18.5311081,
        "lng": 73.8791698,
        "locality_name": "Bund Garden Road",
        "location": {
            "__type": "GeoPoint",
            "latitude": 18.5311081,
            "longitude": 73.8791698
        },
        "objectId": "R5SsNAVWEf",
        "state": "Maharashtra",
        "updatedAt": "2015-03-30T14:10:13.804Z"
    },
	{
        "city": "Pune",
        "country": "India",
        "createdAt": "2015-03-29T16:55:39.406Z",
        "lat": 18.6406951,
        "lng": 73.7921444,
        "locality_name": "Chinchwad",
        "location": {
            "__type": "GeoPoint",
            "latitude": 18.6406951,
            "longitude": 73.7921444
        },
        "objectId": "nyzg9XWyu2",
        "state": "Maharashtra",
        "updatedAt": "2015-03-30T14:10:13.828Z"
    },
	{
        "city": "Pune",
        "country": "India",
        "createdAt": "2015-03-29T16:55:39.404Z",
        "lat": 18.5654635,
        "lng": 73.9316084,
        "locality_name": "Chandan Nagar",
        "location": {
            "__type": "GeoPoint",
            "latitude": 18.5654635,
            "longitude": 73.9316084
        },
        "objectId": "iWjiJHBO0V",
        "state": "Maharashtra",
        "updatedAt": "2015-03-30T14:10:13.812Z"
    },
	{
        "city": "Pune",
        "country": "India",
        "createdAt": "2015-03-29T16:55:39.409Z",
        "lat": 18.615904,
        "lng": 73.765698,
        "locality_name": "Dange Chowk",
        "location": {
            "__type": "GeoPoint",
            "latitude": 18.615904,
            "longitude": 73.765698
        },
        "objectId": "MefdjZ5KWq",
        "state": "Maharashtra",
        "updatedAt": "2015-03-30T14:10:13.839Z"
    },
	{
        "city": "Pune",
        "country": "India",
        "createdAt": "2015-03-29T16:55:39.411Z",
        "lat": 18.5164907,
        "lng": 73.8371506,
        "locality_name": "Deccan Gymkhana",
        "location": {
            "__type": "GeoPoint",
            "latitude": 18.5164907,
            "longitude": 73.8371506
        },
        "objectId": "XViq0LIOz8",
        "state": "Maharashtra",
        "updatedAt": "2015-03-30T14:10:13.841Z"
    },
	{
        "city": "Pune",
        "country": "India",
        "createdAt": "2015-03-29T16:55:39.401Z",
        "lat": 18.5311081,
        "lng": 73.8791698,
        "locality_name": "Camp Area",
        "location": {
            "__type": "GeoPoint",
            "latitude": 18.5311081,
            "longitude": 73.8791698
        },
        "objectId": "hmh9kBaTeP",
        "state": "Maharashtra",
        "updatedAt": "2015-03-30T14:10:13.842Z"
    },
	{
        "city": "Pune",
        "country": "India",
        "createdAt": "2015-03-29T16:55:39.414Z",
        "lat": 18.6860065,
        "lng": 73.748002,
        "locality_name": "Dehu Road",
        "location": {
            "__type": "GeoPoint",
            "latitude": 18.6860065,
            "longitude": 73.748002
        },
        "objectId": "dCONTXIc8Y",
        "state": "Maharashtra",
        "updatedAt": "2015-03-30T14:10:14.045Z"
    },
	{
        "city": "Pune",
        "country": "India",
        "createdAt": "2015-03-29T16:55:39.418Z",
        "lat": 18.590581,
        "lng": 73.8945669,
        "locality_name": "Dhanori",
        "location": {
            "__type": "GeoPoint",
            "latitude": 18.590581,
            "longitude": 73.8945669
        },
        "objectId": "UXmknZXKUB",
        "state": "Maharashtra",
        "updatedAt": "2015-03-30T14:10:14.047Z"
    },
	{
        "city": "Pune",
        "country": "India",
        "createdAt": "2015-03-29T16:55:39.421Z",
        "lat": 18.5349889,
        "lng": 73.8761798,
        "locality_name": "Dhole Patil Road",
        "location": {
            "__type": "GeoPoint",
            "latitude": 18.5349889,
            "longitude": 73.8761798
        },
        "objectId": "1G2XqUWyBB",
        "state": "Maharashtra",
        "updatedAt": "2015-03-30T14:10:14.113Z"
    },
	{
        "city": "Pune",
        "country": "India",
        "createdAt": "2015-03-29T16:55:39.416Z",
        "lat": 18.4617888,
        "lng": 73.8503977,
        "locality_name": "Dhankawadi",
        "location": {
            "__type": "GeoPoint",
            "latitude": 18.4617888,
            "longitude": 73.8503977
        },
        "objectId": "WbBGcvjGqd",
        "state": "Maharashtra",
        "updatedAt": "2015-03-30T14:10:14.092Z"
    },
	{
        "city": "Pune",
        "country": "India",
        "createdAt": "2015-03-29T16:55:39.423Z",
        "lat": 18.5124323,
        "lng": 73.8799626,
        "locality_name": "East Street",
        "location": {
            "__type": "GeoPoint",
            "latitude": 18.5124323,
            "longitude": 73.8799626
        },
        "objectId": "5QXazYhI6R",
        "state": "Maharashtra",
        "updatedAt": "2015-03-30T14:10:14.113Z"
    },
	{
        "city": "Pune",
        "country": "India",
        "createdAt": "2015-03-29T16:55:39.425Z",
        "lat": 18.5066566,
        "lng": 73.8326625,
        "locality_name": "Erandwane",
        "location": {
            "__type": "GeoPoint",
            "latitude": 18.5066566,
            "longitude": 73.8326625
        },
        "objectId": "fXGx1XZeWa",
        "state": "Maharashtra",
        "updatedAt": "2015-03-30T14:10:14.289Z"
    },
	{
        "city": "Pune",
        "country": "India",
        "createdAt": "2015-03-29T16:55:39.428Z",
        "lat": 18.5041516,
        "lng": 73.9015575,
        "locality_name": "Fatima Nagar",
        "location": {
            "__type": "GeoPoint",
            "latitude": 18.5041516,
            "longitude": 73.9015575
        },
        "objectId": "MTG4c9gd7P",
        "state": "Maharashtra",
        "updatedAt": "2015-03-30T14:10:14.307Z"
    },
	{
        "city": "Pune",
        "country": "India",
        "createdAt": "2015-03-29T16:55:39.431Z",
        "lat": 18.5235694,
        "lng": 73.8411279,
        "locality_name": "FC Road",
        "location": {
            "__type": "GeoPoint",
            "latitude": 18.5235694,
            "longitude": 73.8411279
        },
        "objectId": "Tit8tfh069",
        "state": "Maharashtra",
        "updatedAt": "2015-03-30T14:10:14.348Z"
    },
	{
        "city": "Pune",
        "country": "India",
        "createdAt": "2015-03-29T16:55:39.436Z",
        "lat": 18.5997552,
        "lng": 73.717219,
        "locality_name": "Hinjewadi",
        "location": {
            "__type": "GeoPoint",
            "latitude": 18.5997552,
            "longitude": 73.717219
        },
        "objectId": "Fc5j0Ppr5z",
        "state": "Maharashtra",
        "updatedAt": "2015-03-30T14:10:14.365Z"
    },
	{
        "city": "Pune",
        "country": "India",
        "createdAt": "2015-03-29T16:55:39.438Z",
        "lat": 18.5211706,
        "lng": 73.8467203,
        "locality_name": "JM Road",
        "location": {
            "__type": "GeoPoint",
            "latitude": 18.5211706,
            "longitude": 73.8467203
        },
        "objectId": "OcRt0lL6uq",
        "state": "Maharashtra",
        "updatedAt": "2015-03-30T14:10:14.354Z"
    },
	{
        "city": "Pune",
        "country": "India",
        "createdAt": "2015-03-29T16:55:39.433Z",
        "lat": 18.5235694,
        "lng": 73.8411279,
        "locality_name": "Hadapsar",
        "location": {
            "__type": "GeoPoint",
            "latitude": 18.5235694,
            "longitude": 73.8411279
        },
        "objectId": "AV7RDkdcHz",
        "state": "Maharashtra",
        "updatedAt": "2015-03-30T14:10:14.619Z"
    },
	{
        "city": "Pune",
        "country": "India",
        "createdAt": "2015-03-29T16:55:39.440Z",
        "lat": 18.5476795,
        "lng": 73.901482,
        "locality_name": "Kalyani Nagar",
        "location": {
            "__type": "GeoPoint",
            "latitude": 18.5476795,
            "longitude": 73.901482
        },
        "objectId": "ruwXVJow3y",
        "state": "Maharashtra",
        "updatedAt": "2015-03-30T14:10:14.630Z"
    },
	{
        "city": "Pune",
        "country": "India",
        "createdAt": "2015-03-29T16:55:39.443Z",
        "lat": 18.4899349,
        "lng": 73.82025,
        "locality_name": "Karve Nagar",
        "location": {
            "__type": "GeoPoint",
            "latitude": 18.4899349,
            "longitude": 73.82025
        },
        "objectId": "YzHFoRmLZf",
        "state": "Maharashtra",
        "updatedAt": "2015-03-30T14:10:14.677Z"
    },
	{
        "city": "Pune",
        "country": "India",
        "createdAt": "2015-03-29T16:55:39.445Z",
        "lat": 18.4442481,
        "lng": 73.8653874,
        "locality_name": "Katraj",
        "location": {
            "__type": "GeoPoint",
            "latitude": 18.4442481,
            "longitude": 73.8653874
        },
        "objectId": "8TbKubsN3X",
        "state": "Maharashtra",
        "updatedAt": "2015-03-30T14:10:14.723Z"
    },
	{
        "city": "Pune",
        "country": "India",
        "createdAt": "2015-03-29T16:55:39.450Z",
        "lat": 18.5527185,
        "lng": 73.9454065,
        "locality_name": "Kharadi",
        "location": {
            "__type": "GeoPoint",
            "latitude": 18.5527185,
            "longitude": 73.9454065
        },
        "objectId": "HYJBt42uVF",
        "state": "Maharashtra",
        "updatedAt": "2015-03-30T14:10:14.690Z"
    },
	{
        "city": "Pune",
        "country": "India",
        "createdAt": "2015-03-29T16:55:39.447Z",
        "lat": 18.5655421,
        "lng": 73.855371,
        "locality_name": "Khadki",
        "location": {
            "__type": "GeoPoint",
            "latitude": 18.5655421,
            "longitude": 73.855371
        },
        "objectId": "pGA574x3Lk",
        "state": "Maharashtra",
        "updatedAt": "2015-03-30T14:10:14.752Z"
    },
	{
        "city": "Pune",
        "country": "India",
        "createdAt": "2015-03-29T16:55:39.452Z",
        "lat": 18.467758,
        "lng": 73.8937571,
        "locality_name": "Kondwha",
        "location": {
            "__type": "GeoPoint",
            "latitude": 18.467758,
            "longitude": 73.8937571
        },
        "objectId": "ROfuXNhBOk",
        "state": "Maharashtra",
        "updatedAt": "2015-03-30T14:10:14.932Z"
    },
	{
        "city": "Pune",
        "country": "India",
        "createdAt": "2015-03-29T16:55:39.454Z",
        "lat": 18.537301,
        "lng": 73.8945941,
        "locality_name": "Koregaon Park",
        "location": {
            "__type": "GeoPoint",
            "latitude": 18.537301,
            "longitude": 73.8945941
        },
        "objectId": "7NjMFhxQAo",
        "state": "Maharashtra",
        "updatedAt": "2015-03-30T14:10:14.896Z"
    },
	{
        "city": "Pune",
        "country": "India",
        "createdAt": "2015-03-29T16:55:39.457Z",
        "lat": 18.507356,
        "lng": 73.8046115,
        "locality_name": "Kothrud",
        "location": {
            "__type": "GeoPoint",
            "latitude": 18.507356,
            "longitude": 73.8046115
        },
        "objectId": "mO3ZxkhXpa",
        "state": "Maharashtra",
        "updatedAt": "2015-03-30T14:10:14.989Z"
    },
	{
        "city": "Pune",
        "country": "India",
        "createdAt": "2015-03-29T16:55:39.459Z",
        "lat": 18.4076557,
        "lng": 73.5074517,
        "locality_name": "Lavasa",
        "location": {
            "__type": "GeoPoint",
            "latitude": 18.4076557,
            "longitude": 73.5074517
        },
        "objectId": "4goi91ArzU",
        "state": "Maharashtra",
        "updatedAt": "2015-03-30T14:10:14.984Z"
    },
	{
        "city": "Pune",
        "country": "India",
        "createdAt": "2015-03-29T16:55:39.462Z",
        "lat": 18.7573658,
        "lng": 73.4117229,
        "locality_name": "Lonavala",
        "location": {
            "__type": "GeoPoint",
            "latitude": 18.7573658,
            "longitude": 73.4117229
        },
        "objectId": "sKzsCok6hB",
        "state": "Maharashtra",
        "updatedAt": "2015-03-30T14:10:15.012Z"
    },
	{
        "city": "Pune",
        "country": "India",
        "createdAt": "2015-03-29T16:55:39.466Z",
        "lat": 18.514732,
        "lng": 73.878894,
        "locality_name": "MG Road",
        "location": {
            "__type": "GeoPoint",
            "latitude": 18.514732,
            "longitude": 73.878894
        },
        "objectId": "GIrDHa4Vhr",
        "state": "Maharashtra",
        "updatedAt": "2015-03-30T14:10:15.038Z"
    },
	{
        "city": "Pune",
        "country": "India",
        "createdAt": "2015-03-29T16:55:39.464Z",
        "lat": 18.515988,
        "lng": 73.925495,
        "locality_name": "Magarpatta",
        "location": {
            "__type": "GeoPoint",
            "latitude": 18.515988,
            "longitude": 73.925495
        },
        "objectId": "pcDUqO9daV",
        "state": "Maharashtra",
        "updatedAt": "2015-03-30T14:10:15.165Z"
    },
	{
        "city": "Pune",
        "country": "India",
        "createdAt": "2015-03-29T16:55:39.469Z",
        "lat": 18.500366,
        "lng": 73.513384,
        "locality_name": "Mulshi",
        "location": {
            "__type": "GeoPoint",
            "latitude": 18.500366,
            "longitude": 73.513384
        },
        "objectId": "gmqXrINPwK",
        "state": "Maharashtra",
        "updatedAt": "2015-03-30T14:10:15.186Z"
    },
	{
        "city": "Pune",
        "country": "India",
        "createdAt": "2015-03-29T16:55:39.471Z",
        "lat": 18.4488395,
        "lng": 73.825241,
        "locality_name": "Narhe",
        "location": {
            "__type": "GeoPoint",
            "latitude": 18.4488395,
            "longitude": 73.825241
        },
        "objectId": "PqtYPzAT33",
        "state": "Maharashtra",
        "updatedAt": "2015-03-30T14:10:15.242Z"
    },
	{
        "city": "Pune",
        "country": "India",
        "createdAt": "2015-03-29T16:55:39.473Z",
        "lat": 18.4708699,
        "lng": 73.9000531,
        "locality_name": "NIBM Road",
        "location": {
            "__type": "GeoPoint",
            "latitude": 18.4708699,
            "longitude": 73.9000531
        },
        "objectId": "W9NkCeitEY",
        "state": "Maharashtra",
        "updatedAt": "2015-03-30T14:10:15.252Z"
    },
	{
        "city": "Pune",
        "country": "India",
        "createdAt": "2015-03-29T16:55:39.476Z",
        "lat": 18.6495505,
        "lng": 73.7648188,
        "locality_name": "Nigdi",
        "location": {
            "__type": "GeoPoint",
            "latitude": 18.6495505,
            "longitude": 73.7648188
        },
        "objectId": "LWjMBdWCl6",
        "state": "Maharashtra",
        "updatedAt": "2015-03-30T14:10:15.267Z"
    },
	{
        "city": "Pune",
        "country": "India",
        "createdAt": "2015-03-29T16:55:39.478Z",
        "lat": 18.7279446,
        "lng": 73.6540319,
        "locality_name": "Old Mumbai-Pune Highway",
        "location": {
            "__type": "GeoPoint",
            "latitude": 18.7279446,
            "longitude": 73.6540319
        },
        "objectId": "Lr0X3mK52M",
        "state": "Maharashtra",
        "updatedAt": "2015-03-30T14:10:15.294Z"
    },
	{
        "city": "Pune",
        "country": "India",
        "createdAt": "2015-03-29T16:55:39.481Z",
        "lat": 18.492536,
        "lng": 73.8580368,
        "locality_name": "Parvathi",
        "location": {
            "__type": "GeoPoint",
            "latitude": 18.492536,
            "longitude": 73.8580368
        },
        "objectId": "mv15O4Qxs4",
        "state": "Maharashtra",
        "updatedAt": "2015-03-30T14:10:15.414Z"
    },
	{
        "city": "Pune",
        "country": "India",
        "createdAt": "2015-03-29T16:55:39.483Z",
        "lat": 18.5331575,
        "lng": 73.787638,
        "locality_name": "Pashan",
        "location": {
            "__type": "GeoPoint",
            "latitude": 18.5331575,
            "longitude": 73.787638
        },
        "objectId": "IV6sneyhWc",
        "state": "Maharashtra",
        "updatedAt": "2015-03-30T14:10:15.452Z"
    },
	{
        "city": "Pune",
        "country": "India",
        "createdAt": "2015-03-29T16:55:39.485Z",
        "lat": 18.5925615,
        "lng": 73.7953832,
        "locality_name": "Pimple Saudagar",
        "location": {
            "__type": "GeoPoint",
            "latitude": 18.5925615,
            "longitude": 73.7953832
        },
        "objectId": "t0RVLbBVZU",
        "state": "Maharashtra",
        "updatedAt": "2015-03-30T14:10:15.496Z"
    },
	{
        "city": "Pune",
        "country": "India",
        "createdAt": "2015-03-29T16:55:39.488Z",
        "lat": 18.6406951,
        "lng": 73.7921444,
        "locality_name": "Pimpri",
        "location": {
            "__type": "GeoPoint",
            "latitude": 18.6406951,
            "longitude": 73.7921444
        },
        "objectId": "2jICFXLJUt",
        "state": "Maharashtra",
        "updatedAt": "2015-03-30T14:10:15.498Z"
    },
	{
        "city": "Pune",
        "country": "India",
        "createdAt": "2015-03-29T16:55:39.492Z",
        "lat": 18.5179627,
        "lng": 73.8666889,
        "locality_name": "Rasta Peth",
        "location": {
            "__type": "GeoPoint",
            "latitude": 18.5179627,
            "longitude": 73.8666889
        },
        "objectId": "bAEbT9StOP",
        "state": "Maharashtra",
        "updatedAt": "2015-03-30T14:10:15.688Z"
    },
	{
        "city": "Pune",
        "country": "India",
        "createdAt": "2015-03-29T16:55:39.490Z",
        "lat": 18.6541371,
        "lng": 73.7685593,
        "locality_name": "Pradhikaran",
        "location": {
            "__type": "GeoPoint",
            "latitude": 18.6541371,
            "longitude": 73.7685593
        },
        "objectId": "UBFAQ7v1Xc",
        "state": "Maharashtra",
        "updatedAt": "2015-03-30T14:10:15.541Z"
    },
	{
        "city": "Pune",
        "country": "India",
        "createdAt": "2015-03-29T16:55:39.495Z",
        "lat": 18.5081479,
        "lng": 73.844903,
        "locality_name": "Sadashiv Peth",
        "location": {
            "__type": "GeoPoint",
            "latitude": 18.5081479,
            "longitude": 73.844903
        },
        "objectId": "1S5LpWumyu",
        "state": "Maharashtra",
        "updatedAt": "2015-03-30T14:10:15.662Z"
    },
	{
        "city": "Pune",
        "country": "India",
        "createdAt": "2015-03-29T16:55:39.497Z",
        "lat": 18.480951,
        "lng": 73.904511,
        "locality_name": "Salunkhe Vihar Road",
        "location": {
            "__type": "GeoPoint",
            "latitude": 18.480951,
            "longitude": 73.904511
        },
        "objectId": "ey77N5FpLt",
        "state": "Maharashtra",
        "updatedAt": "2015-03-30T14:10:15.704Z"
    },
	{
        "city": "Pune",
        "country": "India",
        "createdAt": "2015-03-29T16:55:39.499Z",
        "lat": 18.5272647,
        "lng": 73.8748582,
        "locality_name": "Sassoon Road",
        "location": {
            "__type": "GeoPoint",
            "latitude": 18.5272647,
            "longitude": 73.8748582
        },
        "objectId": "MzJ5NPpSlA",
        "state": "Maharashtra",
        "updatedAt": "2015-03-30T14:10:15.735Z"
    },
	{
        "city": "Pune",
        "country": "India",
        "createdAt": "2015-03-29T16:55:39.502Z",
        "lat": 18.4775848,
        "lng": 73.8572817,
        "locality_name": "Satara Road",
        "location": {
            "__type": "GeoPoint",
            "latitude": 18.4775848,
            "longitude": 73.8572817
        },
        "objectId": "GEgniaUCw4",
        "state": "Maharashtra",
        "updatedAt": "2015-03-30T14:10:15.733Z"
    },
	{
        "city": "Pune",
        "country": "India",
        "createdAt": "2015-03-29T16:55:39.504Z",
        "lat": 18.5219195,
        "lng": 73.8292868,
        "locality_name": "Senapati Bapat Road",
        "location": {
            "__type": "GeoPoint",
            "latitude": 18.5219195,
            "longitude": 73.8292868
        },
        "objectId": "RHQjiZfeG3",
        "state": "Maharashtra",
        "updatedAt": "2015-03-30T14:10:15.938Z"
    },
	{
        "city": "Pune",
        "country": "India",
        "createdAt": "2015-03-29T16:55:39.506Z",
        "lat": 18.532945,
        "lng": 73.8422995,
        "locality_name": "Shivaji Nagar",
        "location": {
            "__type": "GeoPoint",
            "latitude": 18.532945,
            "longitude": 73.8422995
        },
        "objectId": "wpva8tfI1d",
        "state": "Maharashtra",
        "updatedAt": "2015-03-30T14:10:15.963Z"
    },
	{
        "city": "Pune",
        "country": "India",
        "createdAt": "2015-03-29T16:55:39.509Z",
        "lat": 18.3382625,
        "lng": 73.8390416,
        "locality_name": "Shivapur",
        "location": {
            "__type": "GeoPoint",
            "latitude": 18.3382625,
            "longitude": 73.8390416
        },
        "objectId": "MvFHbYlu9E",
        "state": "Maharashtra",
        "updatedAt": "2015-03-30T14:10:15.995Z"
    },
	{
        "city": "Pune",
        "country": "India",
        "createdAt": "2015-03-29T16:55:39.513Z",
        "lat": 18.4536218,
        "lng": 73.8029902,
        "locality_name": "Sinhagad Road",
        "location": {
            "__type": "GeoPoint",
            "latitude": 18.4536218,
            "longitude": 73.8029902
        },
        "objectId": "0SsVhDqwUS",
        "state": "Maharashtra",
        "updatedAt": "2015-03-30T14:10:15.984Z"
    },
	{
        "city": "Pune",
        "country": "India",
        "createdAt": "2015-03-29T16:55:39.511Z",
        "lat": 18.5074244,
        "lng": 73.8566764,
        "locality_name": "Shukrawar Peth",
        "location": {
            "__type": "GeoPoint",
            "latitude": 18.5074244,
            "longitude": 73.8566764
        },
        "objectId": "jTicSAHjua",
        "state": "Maharashtra",
        "updatedAt": "2015-03-30T14:10:15.984Z"
    },
	{
        "city": "Pune",
        "country": "India",
        "createdAt": "2015-03-29T16:55:39.516Z",
        "lat": 18.5021724,
        "lng": 73.863775,
        "locality_name": "Swargate",
        "location": {
            "__type": "GeoPoint",
            "latitude": 18.5021724,
            "longitude": 73.863775
        },
        "objectId": "90C9l2FJO2",
        "state": "Maharashtra",
        "updatedAt": "2015-03-30T14:10:16.049Z"
    },
	{
        "city": "Pune",
        "country": "India",
        "createdAt": "2015-03-29T16:55:39.523Z",
        "lat": 18.5709555,
        "lng": 73.87859,
        "locality_name": "Vishrantwadi",
        "location": {
            "__type": "GeoPoint",
            "latitude": 18.5709555,
            "longitude": 73.87859
        },
        "objectId": "pYPNSl0EZl",
        "state": "Maharashtra",
        "updatedAt": "2015-03-30T14:10:16.205Z"
    },
	{
        "city": "Pune",
        "country": "India",
        "createdAt": "2015-03-29T16:55:39.518Z",
        "lat": 18.5068375,
        "lng": 73.8517363,
        "locality_name": "Tilak Road",
        "location": {
            "__type": "GeoPoint",
            "latitude": 18.5068375,
            "longitude": 73.8517363
        },
        "objectId": "jTj7rnBdwm",
        "state": "Maharashtra",
        "updatedAt": "2015-03-30T14:10:16.213Z"
    },
	{
        "city": "Pune",
        "country": "India",
        "createdAt": "2015-03-29T16:55:39.520Z",
        "lat": 18.567056,
        "lng": 73.9171742,
        "locality_name": "Viman Nagar",
        "location": {
            "__type": "GeoPoint",
            "latitude": 18.567056,
            "longitude": 73.9171742
        },
        "objectId": "pUHVVfZPG8",
        "state": "Maharashtra",
        "updatedAt": "2015-03-30T14:10:16.237Z"
    },
	{
        "city": "Pune",
        "country": "India",
        "createdAt": "2015-03-29T16:55:39.525Z",
        "lat": 18.5500045,
        "lng": 73.920393,
        "locality_name": "Wadgaon Sheri",
        "location": {
            "__type": "GeoPoint",
            "latitude": 18.5500045,
            "longitude": 73.920393
        },
        "objectId": "nu8vs10grj",
        "state": "Maharashtra",
        "updatedAt": "2015-03-30T14:10:16.222Z"
    },
	{
        "city": "Pune",
        "country": "India",
        "createdAt": "2015-03-29T16:55:39.528Z",
        "lat": 17.9029242,
        "lng": 74.0817453,
        "locality_name": "Wagholi",
        "location": {
            "__type": "GeoPoint",
            "latitude": 17.9029242,
            "longitude": 74.0817453
        },
        "objectId": "n9mYceMngU",
        "state": "Maharashtra",
        "updatedAt": "2015-03-30T14:10:16.260Z"
    },
	{
        "city": "Pune",
        "country": "India",
        "createdAt": "2015-03-29T16:55:39.530Z",
        "lat": 18.601256,
        "lng": 73.761151,
        "locality_name": "Wakad",
        "location": {
            "__type": "GeoPoint",
            "latitude": 18.601256,
            "longitude": 73.761151
        },
        "objectId": "geEoiTHDxk",
        "state": "Maharashtra",
        "updatedAt": "2015-03-30T14:10:16.290Z"
    },
	{
        "city": "Pune",
        "country": "India",
        "createdAt": "2015-03-29T16:55:39.532Z",
        "lat": 18.4969295,
        "lng": 73.9032285,
        "locality_name": "Wanowrie",
        "location": {
            "__type": "GeoPoint",
            "latitude": 18.4969295,
            "longitude": 73.9032285
        },
        "objectId": "wxQowlWQkS",
        "state": "Maharashtra",
        "updatedAt": "2015-03-30T14:10:16.466Z"
    },
	{
        "city": "Pune",
        "country": "India",
        "createdAt": "2015-03-29T16:55:39.537Z",
        "lat": 18.559457,
        "lng": 73.882542,
        "locality_name": "Yerawada",
        "location": {
            "__type": "GeoPoint",
            "latitude": 18.559457,
            "longitude": 73.882542
        },
        "objectId": "NzcOQpuPz1",
        "state": "Maharashtra",
        "updatedAt": "2015-03-30T14:10:16.461Z"
    },
	{
        "city": "Pune",
        "country": "India",
        "createdAt": "2015-03-29T16:55:39.535Z",
        "lat": 18.4844779,
        "lng": 73.7944076,
        "locality_name": "Warje",
        "location": {
            "__type": "GeoPoint",
            "latitude": 18.4844779,
            "longitude": 73.7944076
        },
        "objectId": "L13FMVerHz",
        "state": "Maharashtra",
        "updatedAt": "2015-03-30T14:10:16.479Z"
    },
	{
        "city": "Mumbai",
        "country": "India",
        "createdAt": "2015-03-31T16:06:16.420Z",
        "lat": 19.1591395,
        "lng": 72.994635,
        "locality_name": "Airoli ",
        "location": {
            "__type": "GeoPoint",
            "latitude": 19.1591395,
            "longitude": 72.994635
        },
        "objectId": "NuYSrpK7vC",
        "state": "Maharashtra",
        "updatedAt": "2015-03-31T16:06:16.420Z"
    },
	{
        "city": "Mumbai",
        "country": "India",
        "createdAt": "2015-03-31T16:06:16.423Z",
        "lat": 19.131022,
        "lng": 72.819883,
        "locality_name": "\"7 Bungalows, Andheri West\"",
        "location": {
            "__type": "GeoPoint",
            "latitude": 19.131022,
            "longitude": 72.819883
        },
        "objectId": "P6fNti4AbY",
        "state": "Maharashtra",
        "updatedAt": "2015-03-31T16:06:16.423Z"
    },
	{
        "city": "Mumbai",
        "country": "India",
        "createdAt": "2015-03-31T16:06:16.428Z",
        "lat": 19.114116,
        "lng": 72.8684905,
        "locality_name": "Andheri East ",
        "location": {
            "__type": "GeoPoint",
            "latitude": 19.114116,
            "longitude": 72.8684905
        },
        "objectId": "r0d9wkVhmy",
        "state": "Maharashtra",
        "updatedAt": "2015-03-31T16:06:16.428Z"
    },
	{
        "city": "Mumbai",
        "country": "India",
        "createdAt": "2015-03-31T16:06:16.453Z",
        "lat": 19.1473142,
        "lng": 72.8295592,
        "locality_name": "\"Andheri Lokhandwala, Andheri\"",
        "location": {
            "__type": "GeoPoint",
            "latitude": 19.1473142,
            "longitude": 72.8295592
        },
        "objectId": "MFngkvFXfc",
        "state": "Maharashtra",
        "updatedAt": "2015-03-31T16:06:16.453Z"
    },
	{
        "city": "Mumbai",
        "country": "India",
        "createdAt": "2015-03-31T16:06:16.464Z",
        "lat": 19.114116,
        "lng": 72.8684905,
        "locality_name": "Andheri West ",
        "location": {
            "__type": "GeoPoint",
            "latitude": 19.114116,
            "longitude": 72.8684905
        },
        "objectId": "ResDMWHWG3",
        "state": "Maharashtra",
        "updatedAt": "2015-03-31T16:06:16.464Z"
    },
	{
        "city": "Mumbai",
        "country": "India",
        "createdAt": "2015-03-31T16:06:16.478Z",
        "lat": 19.114116,
        "lng": 72.8684905,
        "locality_name": "Bandra East ",
        "location": {
            "__type": "GeoPoint",
            "latitude": 19.114116,
            "longitude": 72.8684905
        },
        "objectId": "M3MMpiSb5K",
        "state": "Maharashtra",
        "updatedAt": "2015-03-31T16:06:16.478Z"
    },
	{
        "city": "Mumbai",
        "country": "India",
        "createdAt": "2015-03-31T16:06:17.266Z",
        "lat": 19.0633916,
        "lng": 72.8606109,
        "locality_name": "Bandra Kurla Complex ",
        "location": {
            "__type": "GeoPoint",
            "latitude": 19.0633916,
            "longitude": 72.8606109
        },
        "objectId": "0D9sRBnCWG",
        "state": "Maharashtra",
        "updatedAt": "2015-03-31T16:06:17.266Z"
    },
	{
        "city": "Mumbai",
        "country": "India",
        "createdAt": "2015-03-31T16:06:17.286Z",
        "lat": 19.0566939,
        "lng": 72.837785,
        "locality_name": "\"Bandra Talao, Bandra West \"",
        "location": {
            "__type": "GeoPoint",
            "latitude": 19.0566939,
            "longitude": 72.837785
        },
        "objectId": "alV2Q40blP",
        "state": "Maharashtra",
        "updatedAt": "2015-03-31T16:06:17.286Z"
    },
	{
        "city": "Mumbai",
        "country": "India",
        "createdAt": "2015-03-31T16:06:17.306Z",
        "lat": 19.149901,
        "lng": 72.931134,
        "locality_name": "Bhandup ",
        "location": {
            "__type": "GeoPoint",
            "latitude": 19.149901,
            "longitude": 72.931134
        },
        "objectId": "2QXFXkVixe",
        "state": "Maharashtra",
        "updatedAt": "2015-03-31T16:06:17.306Z"
    },
	{
        "city": "Mumbai",
        "country": "India",
        "createdAt": "2015-03-31T16:06:17.322Z",
        "lat": 19.3104716,
        "lng": 72.854041,
        "locality_name": "Bhayandar ",
        "location": {
            "__type": "GeoPoint",
            "latitude": 19.3104716,
            "longitude": 72.854041
        },
        "objectId": "UdW2e87was",
        "state": "Maharashtra",
        "updatedAt": "2015-03-31T16:06:17.322Z"
    },
	{
        "city": "Mumbai",
        "country": "India",
        "createdAt": "2015-03-31T16:06:17.319Z",
        "lat": 19.0530292,
        "lng": 72.8299085,
        "locality_name": "Bandra West ",
        "location": {
            "__type": "GeoPoint",
            "latitude": 19.0530292,
            "longitude": 72.8299085
        },
        "objectId": "yeCuC410y2",
        "state": "Maharashtra",
        "updatedAt": "2015-03-31T16:06:17.319Z"
    },
	{
        "city": "Mumbai",
        "country": "India",
        "createdAt": "2015-03-31T16:06:17.340Z",
        "lat": 19.2273315,
        "lng": 72.8637286,
        "locality_name": "Borivali East ",
        "location": {
            "__type": "GeoPoint",
            "latitude": 19.2273315,
            "longitude": 72.8637286
        },
        "objectId": "ZDfAjlZCB9",
        "state": "Maharashtra",
        "updatedAt": "2015-03-31T16:06:17.340Z"
    },
	{
        "city": "Mumbai",
        "country": "India",
        "createdAt": "2015-03-31T16:06:18.017Z",
        "lat": 19.2335321,
        "lng": 72.839198,
        "locality_name": "Borivali West ",
        "location": {
            "__type": "GeoPoint",
            "latitude": 19.2335321,
            "longitude": 72.839198
        },
        "objectId": "oYl6twsuvr",
        "state": "Maharashtra",
        "updatedAt": "2015-03-31T16:06:18.017Z"
    },
	{
        "city": "Mumbai",
        "country": "India",
        "createdAt": "2015-03-31T16:06:18.094Z",
        "lat": 18.9655613,
        "lng": 72.8028611,
        "locality_name": "Breach Candy ",
        "location": {
            "__type": "GeoPoint",
            "latitude": 18.9655613,
            "longitude": 72.8028611
        },
        "objectId": "Mv1H1uhXNZ",
        "state": "Maharashtra",
        "updatedAt": "2015-03-31T16:06:18.094Z"
    },
	{
        "city": "Mumbai",
        "country": "India",
        "createdAt": "2015-03-31T16:06:18.102Z",
        "lat": 18.9770725,
        "lng": 72.842484,
        "locality_name": "Byculla ",
        "location": {
            "__type": "GeoPoint",
            "latitude": 18.9770725,
            "longitude": 72.842484
        },
        "objectId": "LlyQGFPipI",
        "state": "Maharashtra",
        "updatedAt": "2015-03-31T16:06:18.102Z"
    },
	{
        "city": "Mumbai",
        "country": "India",
        "createdAt": "2015-03-31T16:06:18.112Z",
        "lat": 19.0663017,
        "lng": 72.8230652,
        "locality_name": "\"Carter Road, Bandra West \"",
        "location": {
            "__type": "GeoPoint",
            "latitude": 19.0663017,
            "longitude": 72.8230652
        },
        "objectId": "8LrLikdXPd",
        "state": "Maharashtra",
        "updatedAt": "2015-03-31T16:06:18.112Z"
    },
	{
        "city": "Mumbai",
        "country": "India",
        "createdAt": "2015-03-31T16:06:18.163Z",
        "lat": 19.203397,
        "lng": 72.977663,
        "locality_name": "\"Castle Mill, Thane West \"",
        "location": {
            "__type": "GeoPoint",
            "latitude": 19.203397,
            "longitude": 72.977663
        },
        "objectId": "eC4kQX4IV2",
        "state": "Maharashtra",
        "updatedAt": "2015-03-31T16:06:18.163Z"
    },
	{
        "city": "Mumbai",
        "country": "India",
        "createdAt": "2015-03-31T16:06:18.198Z",
        "lat": 19.0196505,
        "lng": 73.0439532,
        "locality_name": "CBD-Belapur ",
        "location": {
            "__type": "GeoPoint",
            "latitude": 19.0196505,
            "longitude": 73.0439532
        },
        "objectId": "vp405zl7jV",
        "state": "Maharashtra",
        "updatedAt": "2015-03-31T16:06:18.198Z"
    },
	{
        "city": "Mumbai",
        "country": "India",
        "createdAt": "2015-03-31T16:06:18.837Z",
        "lat": 19.1130683,
        "lng": 72.9018468,
        "locality_name": "Chandivali ",
        "location": {
            "__type": "GeoPoint",
            "latitude": 19.1130683,
            "longitude": 72.9018468
        },
        "objectId": "hMmj2BOpWq",
        "state": "Maharashtra",
        "updatedAt": "2015-03-31T16:06:18.837Z"
    },
	{
        "city": "Mumbai",
        "country": "India",
        "createdAt": "2015-03-31T16:06:18.953Z",
        "lat": 19.1130682,
        "lng": 72.9018468,
        "locality_name": "Charni Road ",
        "location": {
            "__type": "GeoPoint",
            "latitude": 19.1130682,
            "longitude": 72.9018468
        },
        "objectId": "h9pjCPEaKx",
        "state": "Maharashtra",
        "updatedAt": "2015-03-31T16:06:18.953Z"
    },
	{
        "city": "Mumbai",
        "country": "India",
        "createdAt": "2015-03-31T16:06:18.954Z",
        "lat": 19.047077,
        "lng": 72.9011815,
        "locality_name": "Chembur ",
        "location": {
            "__type": "GeoPoint",
            "latitude": 19.047077,
            "longitude": 72.9011815
        },
        "objectId": "AKfvWGkVm1",
        "state": "Maharashtra",
        "updatedAt": "2015-03-31T16:06:18.954Z"
    },
	{
        "city": "Mumbai",
        "country": "India",
        "createdAt": "2015-03-31T16:06:18.958Z",
        "lat": 18.9530424,
        "lng": 72.8132718,
        "locality_name": "Chowpatty ",
        "location": {
            "__type": "GeoPoint",
            "latitude": 18.9530424,
            "longitude": 72.8132718
        },
        "objectId": "FCFx7c8mBz",
        "state": "Maharashtra",
        "updatedAt": "2015-03-31T16:06:18.958Z"
    },
	{
        "city": "Mumbai",
        "country": "India",
        "createdAt": "2015-03-31T16:06:19.057Z",
        "lat": 18.9355165,
        "lng": 72.826144,
        "locality_name": "Churchgate ",
        "location": {
            "__type": "GeoPoint",
            "latitude": 18.9355165,
            "longitude": 72.826144
        },
        "objectId": "mQC5Icxs8t",
        "state": "Maharashtra",
        "updatedAt": "2015-03-31T16:06:19.057Z"
    },
	{
        "city": "Mumbai",
        "country": "India",
        "createdAt": "2015-03-31T16:06:19.082Z",
        "lat": 18.9095253,
        "lng": 72.8191906,
        "locality_name": "Colaba ",
        "location": {
            "__type": "GeoPoint",
            "latitude": 18.9095253,
            "longitude": 72.8191906
        },
        "objectId": "ztOTGqn6PC",
        "state": "Maharashtra",
        "updatedAt": "2015-03-31T16:06:19.082Z"
    },
	{
        "city": "Mumbai",
        "country": "India",
        "createdAt": "2015-03-31T16:06:19.624Z",
        "lat": 18.9151667,
        "lng": 72.8200025,
        "locality_name": "Cuffe Parade ",
        "location": {
            "__type": "GeoPoint",
            "latitude": 18.9151667,
            "longitude": 72.8200025
        },
        "objectId": "FffdRILIUZ",
        "state": "Maharashtra",
        "updatedAt": "2015-03-31T16:06:19.624Z"
    },
	{
        "city": "Mumbai",
        "country": "India",
        "createdAt": "2015-03-31T16:06:19.719Z",
        "lat": 19.027049,
        "lng": 72.837849,
        "locality_name": "Dadar Shivaji Park ",
        "location": {
            "__type": "GeoPoint",
            "latitude": 19.027049,
            "longitude": 72.837849
        },
        "objectId": "oY2AHmrbqb",
        "state": "Maharashtra",
        "updatedAt": "2015-03-31T16:06:19.719Z"
    },
	{
        "city": "Mumbai",
        "country": "India",
        "createdAt": "2015-03-31T16:06:19.731Z",
        "lat": 19.0140899,
        "lng": 72.8458115,
        "locality_name": "Dadar East ",
        "location": {
            "__type": "GeoPoint",
            "latitude": 19.0140899,
            "longitude": 72.8458115
        },
        "objectId": "Yh1kyLrev7",
        "state": "Maharashtra",
        "updatedAt": "2015-03-31T16:06:19.731Z"
    },
	{
        "city": "Mumbai",
        "country": "India",
        "createdAt": "2015-03-31T16:06:19.747Z",
        "lat": 19.0188686,
        "lng": 72.8377914,
        "locality_name": "Dadar West ",
        "location": {
            "__type": "GeoPoint",
            "latitude": 19.0188686,
            "longitude": 72.8377914
        },
        "objectId": "PODTiKgUbl",
        "state": "Maharashtra",
        "updatedAt": "2015-03-31T16:06:19.747Z"
    },
	{
        "city": "Mumbai",
        "country": "India",
        "createdAt": "2015-03-31T16:06:19.891Z",
        "lat": 19.250244,
        "lng": 72.860577,
        "locality_name": "Dahisar ",
        "location": {
            "__type": "GeoPoint",
            "latitude": 19.250244,
            "longitude": 72.860577
        },
        "objectId": "Rap8ym6xJt",
        "state": "Maharashtra",
        "updatedAt": "2015-03-31T16:06:19.891Z"
    },
	{
        "city": "Mumbai",
        "country": "India",
        "createdAt": "2015-03-31T16:06:19.933Z",
        "lat": 19.205247,
        "lng": 73.106393,
        "locality_name": "Dombivali East ",
        "location": {
            "__type": "GeoPoint",
            "latitude": 19.205247,
            "longitude": 73.106393
        },
        "objectId": "uJgXKDGkDa",
        "state": "Maharashtra",
        "updatedAt": "2015-03-31T16:06:19.933Z"
    },
	{
        "city": "Mumbai",
        "country": "India",
        "createdAt": "2015-03-31T16:06:20.483Z",
        "lat": 19.220303,
        "lng": 73.0789595,
        "locality_name": "Dombivali West ",
        "location": {
            "__type": "GeoPoint",
            "latitude": 19.220303,
            "longitude": 73.0789595
        },
        "objectId": "xYzNSxuhXN",
        "state": "Maharashtra",
        "updatedAt": "2015-03-31T16:06:20.483Z"
    },
	{
        "city": "Mumbai",
        "country": "India",
        "createdAt": "2015-03-31T16:06:20.589Z",
        "lat": 18.9346525,
        "lng": 72.8363315,
        "locality_name": "Fort ",
        "location": {
            "__type": "GeoPoint",
            "latitude": 18.9346525,
            "longitude": 72.8363315
        },
        "objectId": "gyz5Aup6c8",
        "state": "Maharashtra",
        "updatedAt": "2015-03-31T16:06:20.589Z"
    }
] }