{ "results": [
	{
        "cprice": 102.5,
        "createdAt": "2015-02-24T14:43:15.654Z",
        "description": "Wow much swag",
        "image": {
            "__type": "File",
            "name": "tfss-0dce2a94-4592-43f0-aeb4-a477112d7ce0-screen1.png",
            "url": "http://files.parsetfss.com/8f2aba50-2225-4190-8cc2-d612dd4e433d/tfss-0dce2a94-4592-43f0-aeb4-a477112d7ce0-screen1.png"
        },
        "is_sale": true,
        "is_visible": false,
        "name": "New Product",
        "objectId": "QVYgvi4nxJ",
        "sprice": 99.99,
        "store_id": {
            "__type": "Pointer",
            "className": "Stores",
            "objectId": "r13wY0LqKW"
        },
        "updatedAt": "2015-03-02T12:49:16.913Z"
    },
	{
        "cprice": 102.5,
        "createdAt": "2015-02-25T15:35:16.835Z",
        "description": "Wow much swag",
        "image": {
            "__type": "File",
            "name": "tfss-b02104d2-a4f9-43bb-8044-fd9646f14c35-coep.png",
            "url": "http://files.parsetfss.com/8f2aba50-2225-4190-8cc2-d612dd4e433d/tfss-b02104d2-a4f9-43bb-8044-fd9646f14c35-coep.png"
        },
        "is_sale": true,
        "is_visible": false,
        "name": "Test Product",
        "objectId": "Vp3gKqt1eW",
        "sprice": 99.99,
        "store_id": {
            "__type": "Pointer",
            "className": "Stores",
            "objectId": "r13wY0LqKW"
        },
        "updatedAt": "2015-02-25T15:35:16.835Z"
    },
	{
        "collections": [],
        "cprice": 102.5,
        "createdAt": "2015-02-24T16:22:14.232Z",
        "description": "Wow much swag",
        "image": {
            "__type": "File",
            "name": "tfss-1bb249c4-b6d2-4b57-bcf3-fd0a6199778b-Arsenal-FC-2014-15-Puma-Home-Away-Third-Kits-Wallpaper-1024x768.jpg",
            "url": "http://files.parsetfss.com/8f2aba50-2225-4190-8cc2-d612dd4e433d/tfss-1bb249c4-b6d2-4b57-bcf3-fd0a6199778b-Arsenal-FC-2014-15-Puma-Home-Away-Third-Kits-Wallpaper-1024x768.jpg"
        },
        "is_sale": true,
        "is_visible": false,
        "name": "Test Product",
        "objectId": "NxjRdXlSVy",
        "sprice": 99.99,
        "store_id": {
            "__type": "Pointer",
            "className": "Stores",
            "objectId": "r13wY0LqKW"
        },
        "updatedAt": "2015-03-27T14:41:32.362Z"
    },
	{
        "cprice": 102.5,
        "createdAt": "2015-02-23T16:27:58.499Z",
        "description": "Wow much swag",
        "gallery_ids": [
            {
                "__type": "Pointer",
                "className": "Gallery",
                "objectId": "l8iq4CTzxg"
            }
        ],
        "image": {
            "__type": "File",
            "name": "tfss-4b6fb8f0-2516-438d-8730-d25fe4fb8c22-coep.png",
            "url": "http://files.parsetfss.com/8f2aba50-2225-4190-8cc2-d612dd4e433d/tfss-4b6fb8f0-2516-438d-8730-d25fe4fb8c22-coep.png"
        },
        "is_sale": true,
        "is_visible": false,
        "name": "Test Product",
        "objectId": "l8iq4CTzxg",
        "sprice": 99.99,
        "store_id": {
            "__type": "Pointer",
            "className": "Stores",
            "objectId": "r13wY0LqKW"
        },
        "updatedAt": "2015-04-02T09:38:37.217Z"
    },
	{
        "cprice": 102.5,
        "createdAt": "2015-04-05T18:53:45.677Z",
        "description": "Wow much swag",
        "is_sale": true,
        "is_visible": false,
        "name": "Test Product",
        "objectId": "bOxJhGfzyy",
        "sprice": 99.99,
        "store_id": {
            "__type": "Pointer",
            "className": "Stores",
            "objectId": "mF2AE0O88N"
        },
        "updatedAt": "2015-04-05T18:53:45.677Z"
    },
	{
        "collections": [
            {
                "__type": "Pointer",
                "className": "Collections",
                "objectId": "qVlpiQgFC6"
            }
        ],
        "cprice": 102.5,
        "createdAt": "2015-03-24T17:17:20.735Z",
        "description": "Wow much swag",
        "image": {
            "__type": "File",
            "name": "tfss-628ad6cc-343b-49c9-9664-4d50eeba5d14-coep.png",
            "url": "http://files.parsetfss.com/8f2aba50-2225-4190-8cc2-d612dd4e433d/tfss-628ad6cc-343b-49c9-9664-4d50eeba5d14-coep.png"
        },
        "is_sale": true,
        "is_visible": false,
        "name": "Test Product",
        "objectId": "gAh0D1ez1y",
        "sprice": 99.99,
        "store_id": {
            "__type": "Pointer",
            "className": "Stores",
            "objectId": "mF2AE0O88N"
        },
        "updatedAt": "2015-04-05T19:19:24.045Z"
    }
] }