{ "results": [
	{
        "createdAt": "2015-04-02T10:11:20.652Z",
        "objectId": "WIL9N3cPg3",
        "review": "Another review posted by Neeraj",
        "store_id": {
            "__type": "Pointer",
            "className": "Stores",
            "objectId": "mF2AE0O88N"
        },
        "updatedAt": "2015-04-02T10:11:20.652Z",
        "user_id": {
            "__type": "Pointer",
            "className": "_User",
            "objectId": "xdgUrXKJRR"
        }
    },
	{
        "createdAt": "2015-04-05T19:49:07.755Z",
        "objectId": "cDRIOAJ6qm",
        "review": "shit store, bad service",
        "store_id": {
            "__type": "Pointer",
            "className": "Stores",
            "objectId": "mF2AE0O88N"
        },
        "updatedAt": "2015-04-05T19:49:07.755Z",
        "user_id": {
            "__type": "Pointer",
            "className": "_User",
            "objectId": "EK4JvnRygm"
        }
    },
	{
        "createdAt": "2015-03-28T19:20:41.504Z",
        "objectId": "wj9qexjQ6K",
        "review": "This is a sample review",
        "review_reply": "Thanks for the review",
        "store_id": {
            "__type": "Pointer",
            "className": "Stores",
            "objectId": "mF2AE0O88N"
        },
        "updatedAt": "2015-04-05T19:56:26.919Z",
        "user_id": {
            "__type": "Pointer",
            "className": "_User",
            "objectId": "EK4JvnRygm"
        }
    }
] }