{ "results": [
	{
        "createdAt": "2015-04-05T19:43:54.847Z",
        "objectId": "WsTRCL3mIU",
        "review": "shit store, bad service",
        "store_id": [
            {
                "__type": "Pointer",
                "className": "Stores",
                "objectId": "mF2AE0O88N"
            }
        ],
        "updatedAt": "2015-04-05T19:43:54.847Z",
        "user_id": {
            "__type": "Pointer",
            "className": "_User",
            "objectId": "EK4JvnRygm"
        }
    }
] }