{ "results": [
	{
        "cprice": 100,
        "createdAt": "2015-04-05T18:49:22.142Z",
        "description": "New service",
        "is_sale": true,
        "is_visible": true,
        "name": "Yoga",
        "objectId": "6E0W8BmF5Y",
        "sprice": 100,
        "store_id": {
            "__type": "Pointer",
            "className": "Stores",
            "objectId": "mF2AE0O88N"
        },
        "updatedAt": "2015-04-05T18:49:22.142Z"
    },
	{
        "collections": [
            {
                "__type": "Pointer",
                "className": "Collections",
                "objectId": "qVlpiQgFC6"
            }
        ],
        "cprice": 102.5,
        "createdAt": "2015-03-24T17:34:41.393Z",
        "description": "Wow much swag",
        "image": {
            "__type": "File",
            "name": "tfss-87faff76-fd9e-4ed0-b843-b494f49671c7-screen1.png",
            "url": "http://files.parsetfss.com/8f2aba50-2225-4190-8cc2-d612dd4e433d/tfss-87faff76-fd9e-4ed0-b843-b494f49671c7-screen1.png"
        },
        "is_sale": true,
        "is_visible": false,
        "name": "Test Product",
        "objectId": "aXIfcvO2g3",
        "sprice": 99.99,
        "store_id": {
            "__type": "Pointer",
            "className": "Stores",
            "objectId": "mF2AE0O88N"
        },
        "updatedAt": "2015-04-05T19:24:19.818Z"
    }
] }