{ "results": [
	{
        "address": "b1-17 refocusTech",
        "createdAt": "2015-02-24T15:56:34.493Z",
        "description": "A new store",
        "locality": {
            "__type": "Pointer",
            "className": "Locality",
            "objectId": "QynhBh9svr"
        },
        "logo": {
            "__type": "File",
            "name": "tfss-8c9dc5a0-322f-4cc2-8436-29fabea9a809-screen1.png",
            "url": "http://files.parsetfss.com/8f2aba50-2225-4190-8cc2-d612dd4e433d/tfss-8c9dc5a0-322f-4cc2-8436-29fabea9a809-screen1.png"
        },
        "name": "Store2",
        "objectId": "Ik3uYT99O4",
        "phone": "7507118432",
        "updatedAt": "2015-03-29T16:59:01.125Z",
        "user_id": {
            "__type": "Pointer",
            "className": "_User",
            "objectId": "OHjLjnyS4K"
        },
        "website_link": "www.refocusTech.com"
    },
	{
        "createdAt": "2015-03-02T12:49:24.450Z",
        "geolocation": {
            "__type": "GeoPoint",
            "latitude": 18.561128,
            "longitude": 73.80706
        },
        "locality": {
            "__type": "Pointer",
            "className": "Locality",
            "objectId": "SkNSRSJcJL"
        },
        "objectId": "xxVQCLrbtm",
        "updatedAt": "2015-03-29T16:59:05.277Z"
    },
	{
        "address": "b1-17 refocusTech",
        "collections": [
            {
                "__type": "Pointer",
                "className": "Collections",
                "objectId": "qVlpiQgFC6"
            },
            {
                "__type": "Pointer",
                "className": "Collections",
                "objectId": "ytdnoOwk5o"
            },
            {
                "__type": "Pointer",
                "className": "Collections",
                "objectId": "jk7briy5lx"
            }
        ],
        "createdAt": "2015-02-19T14:29:08.593Z",
        "description": "A new store",
        "logo": {
            "__type": "File",
            "name": "tfss-f1d2b544-253e-4607-a0a9-be94522d9d20-screen4.png",
            "url": "http://files.parsetfss.com/8f2aba50-2225-4190-8cc2-d612dd4e433d/tfss-f1d2b544-253e-4607-a0a9-be94522d9d20-screen4.png"
        },
        "name": "Store3",
        "objectId": "r13wY0LqKW",
        "phone": "7507118432",
        "primary_category": {
            "__type": "Pointer",
            "className": "Categories",
            "objectId": "L3h57JJ3hm"
        },
        "products": [
            {
                "__type": "Pointer",
                "className": "Products",
                "objectId": "Vp3gKqt1eW"
            }
        ],
        "secondary_category": {
            "__type": "Pointer",
            "className": "Categories",
            "objectId": "WLoLs4n6kF"
        },
        "store_joined_number": 2,
        "updatedAt": "2015-03-28T13:46:41.487Z",
        "user_id": {
            "__type": "Pointer",
            "className": "_User",
            "objectId": "OHjLjnyS4K"
        },
        "website_link": "www.refocusTech.com"
    },
	{
        "address": "b1-17 refocusTech",
        "banner_image": {
            "__type": "File",
            "name": "tfss-10cfe042-28c2-41ea-b9fa-0dbec096c760-back6.jpg",
            "url": "http://files.parsetfss.com/8f2aba50-2225-4190-8cc2-d612dd4e433d/tfss-10cfe042-28c2-41ea-b9fa-0dbec096c760-back6.jpg"
        },
        "collections": [
            {
                "__type": "Pointer",
                "className": "Collections",
                "objectId": "qVlpiQgFC6"
            },
            {
                "__type": "Pointer",
                "className": "Collections",
                "objectId": "ytdnoOwk5o"
            },
            {
                "__type": "Pointer",
                "className": "Collections",
                "objectId": "jk7briy5lx"
            },
            {
                "__type": "Pointer",
                "className": "Collections",
                "objectId": "wLE4KuCz1G"
            },
            {
                "__type": "Pointer",
                "className": "Collections",
                "objectId": "mhnTNDGEBO"
            }
        ],
        "createdAt": "2015-02-24T16:15:23.232Z",
        "description": "A new store",
        "email": "refocusTech@gmail.com",
        "facebook_link": "#abcd",
        "followers": [
            {
                "__type": "Pointer",
                "className": "_User",
                "objectId": "xdgUrXKJRR"
            },
            {
                "__type": "Pointer",
                "className": "_User",
                "objectId": "EK4JvnRygm"
            }
        ],
        "geolocation": {
            "__type": "GeoPoint",
            "latitude": 18.561127,
            "longitude": 73.80706
        },
        "locality": {
            "__type": "Pointer",
            "className": "Locality",
            "objectId": "SkNSRSJcJL"
        },
        "logo": {
            "__type": "File",
            "name": "tfss-8971c5df-8661-4548-a833-93feee9da9b2-coep.png",
            "url": "http://files.parsetfss.com/8f2aba50-2225-4190-8cc2-d612dd4e433d/tfss-8971c5df-8661-4548-a833-93feee9da9b2-coep.png"
        },
        "major_sale": "50% discount flat",
        "name": "Store1",
        "objectId": "mF2AE0O88N",
        "phone": "7507118432",
        "primary_category": {
            "__type": "Pointer",
            "className": "Categories",
            "objectId": "2zHBKSc2IZ"
        },
        "products": [
            {
                "__type": "Pointer",
                "className": "Products",
                "objectId": "gAh0D1ez1y"
            },
            {
                "__type": "Pointer",
                "className": "Products",
                "objectId": "bOxJhGfzyy"
            }
        ],
        "review_ids": [
            {
                "__type": "Pointer",
                "className": "Reviews",
                "objectId": "WIL9N3cPg3"
            },
            {
                "__type": "Pointer",
                "className": "Reviews",
                "objectId": "wj9qexjQ6K"
            },
            {
                "__type": "Pointer",
                "className": "Reviews",
                "objectId": "cDRIOAJ6qm"
            }
        ],
        "services": [
            {
                "__type": "Pointer",
                "className": "Services",
                "objectId": "aXIfcvO2g3"
            },
            {
                "__type": "Pointer",
                "className": "Services",
                "objectId": "6E0W8BmF5Y"
            }
        ],
        "store_handle": "store",
        "tags": [
            {
                "__type": "Pointer",
                "className": "Tags",
                "objectId": "POHYtfEpvl"
            },
            {
                "__type": "Pointer",
                "className": "Tags",
                "objectId": "Pi6dXmlSOv"
            }
        ],
        "twitter_link": "#haha",
        "updatedAt": "2015-04-05T19:49:09.811Z",
        "upvoted_by": [
            {
                "__type": "Pointer",
                "className": "_User",
                "objectId": "OHjLjnyS4K"
            },
            {
                "__type": "Pointer",
                "className": "_User",
                "objectId": "xdgUrXKJRR"
            }
        ],
        "website_link": "www.refocusTech.com",
        "working_hours": "10:30AM to 7:00PM"
    }
] }